"title","artist","primary_category","mood_tags","style_tags","energy"
"7 Years","Lukas Graham","New Songs","nostalgia","pop_rock","medium"
"Always Remember Us This Way","Lady Gaga","New Songs","intimacy|nostalgia","contemporary","low"
"Bad Dreams","Teddy Swims","New Songs","breakup|intimacy","contemporary","medium"
"Bad Habits","Ed Sheeran","New Songs","neutral","pop_rock","high"
"Baker Street","Gerry Rafferty","New Songs","nostalgia","pop_rock","medium"
"Believe It or Not","Joey Scarbury","New Songs","empowerment|joy|nostalgia","pop_rock","medium"
"Cold Heart (Pnau Remix)","Elton John/Dua Lipa","New Songs","joy|nostalgia","pop_rock","high"
"Dance Hall Days","Wang Chung","New Songs","joy|nostalgia","pop_rock","high"
"Don't Stop Me Now","Queen","New Songs","empowerment|joy","pop_rock","high"
"Escape","Rupert Holmes","New Songs","joy|nostalgia","pop_rock","medium"
"Everywhere","Fleetwood Mac","New Songs","devotion|joy","pop_rock","high"
"Falling","Harry Styles","New Songs","breakup|intimacy","pop_rock","low"
"Heaven","Gotthard","New Songs","devotion|intimacy","pop_rock","medium"
"Hello","Adele","New Songs","breakup|intimacy","contemporary","low"
"Here Comes the Sun","The Beatles","New Songs","joy|nostalgia","pop_rock","medium"
"I Won't Back Down","Tom Petty","New Songs","empowerment","pop_rock","high"
"I'll Stand By You","The Pretenders","New Songs","devotion|empowerment","pop_rock","medium"
"Just Give Me a Reason","Pink/Nate Ruess","New Songs","breakup|devotion","pop_rock","medium"
"Le Freak","Chic","New Songs","joy","pop_rock","high"
"Love Me Like a River Does","Melody Gardot","New Songs","intimacy","standards","low"
"Make You Feel My Love","Adele","New Songs","devotion|intimacy","contemporary","low"
"Man! I Feel Like a Woman!","Shania Twain","New Songs","empowerment|joy","country|pop_rock","high"
"Margaritaville","Jimmy Buffett","New Songs","joy|nostalgia","country|pop_rock","medium"
"May It Be","Enya","New Songs","intimacy|theatrical","contemporary","low"
"Now We Are Free","Hans Zimmer","New Songs","intimacy|theatrical","contemporary","low"
"Only Time","Enya","New Songs","intimacy|nostalgia","contemporary","low"
"Ordinary","Alex Warren","New Songs","devotion|intimacy","contemporary","medium"
"Over the Rainbow","Melody Gardot","New Songs","intimacy|theatrical","standards","low"
"Saturday/Sunday","Jason Derulo","New Songs","joy","pop_rock","high"
"Scarborough Fair","Traditional","New Songs","nostalgia|theatrical","standards","low"
"September","Earth, Wind & Fire","New Songs","joy|nostalgia","pop_rock","high"
"Skyfall","Adele","New Songs","empowerment|theatrical","contemporary","medium"
"The 59th Street Bridge Song (Feelin' Groovy)","Simon & Garfunkel","New Songs","joy|nostalgia","pop_rock","medium"
"Truly Madly Deeply","Savage Garden","New Songs","devotion|intimacy","pop_rock","medium"
"Upside Down","Diana Ross","New Songs","joy","pop_rock","high"
"Walk on the Ocean","Toad the Wet Sprocket","New Songs","nostalgia","pop_rock","medium"
"You Belong With Me","Taylor Swift","New Songs","devotion|joy","pop_rock","high"
"Your Heart Is As Black As Night","Melody Gardot","New Songs","breakup","standards","low"
"All About Tonight","Blake Shelton","Country","neutral","country","medium"
"All American Boy","Steve Grand","Country","neutral","country","medium"
"All My Friends Say","Luke Bryan","Country","neutral","country","medium"
"Amazed","Lonestar","Country","neutral","country","medium"
"Boys 'Round Here","Blake Shelton","Country","neutral","country","medium"
"Check Yes or No","George Strait","Country","neutral","country","medium"
"Dance With Me","Johnny Reid","Country","joy","country","medium"
"Desperado","The Eagles","Country","neutral","country","medium"
"Don't Take The Girl","Tim McGraw","Country","breakup","country","medium"
"Every Friday Afternoon","Craig Morgan","Country","neutral","country","medium"
"For You","John Denver","Country","neutral","country","medium"
"From The Ground Up","Dan & Shay","Country","neutral","country","medium"
"How Do You Like Me Now","Toby Keith","Country","neutral","country","medium"
"I Cross My Heart","George Strait","Country","intimacy","country","medium"
"I Like It I Love It","Tim McGraw","Country","intimacy","country","medium"
"I Love the Way That You Love Me","John Michael Montgomery","Country","intimacy","country","medium"
"I Melt","Rascal Flatts","Country","neutral","country","medium"
"I Swear","John Michael Montgomery","Country","neutral","country","medium"
"It's A Great Day To Be Alive","Travis Tritt","Country","neutral","country","medium"
"Jump Right In","Zac Brown Band","Country","neutral","country","medium"
"Just To See You Smile","Tim McGraw","Country","joy","country","medium"
"Lay Low","Josh Turner","Country","neutral","country","medium"
"Love Of My Life","Sammy Kershaw","Country","intimacy","country","medium"
"Mean to me","Brett Eldredge","Country","neutral","country","medium"
"My Best Friend","Tim McGraw","Country","joy","country","medium"
"My Next Thirty Years","Tim McGraw","Country","neutral","country","medium"
"Real Good Man","Tim McGraw","Country","neutral","country","medium"
"Remember When","Alan Jackson","Country","neutral","country","medium"
"She Thinks My Tractors Sexy","Kenny Chesney","Country","intimacy","country","medium"
"Somewhere With You","Kenny Chesney","Country","intimacy","country","medium"
"Start Of Something Good","Chris Daughtry","Country","neutral","country","medium"
"Strip It Down","Luke Bryan","Country","neutral","country","medium"
"Take Me Home Country Roads","John Denver","Country","neutral","country","medium"
"Tangled Up In You","Staind","Country","neutral","country","medium"
"That's My Kind of Night","Luke Bryan","Country","neutral","country","medium"
"The Dance","Garth Brooks","Country","joy","country","medium"
"Then What","Clay Walker","Country","neutral","country","medium"
"This I Promise You","Ronana Keating","Country","devotion","country","medium"
"This is How We Roll","Florida Georgia Line","Country","neutral","country","medium"
"TROUBLE","Travis Tritt","Country","neutral","country","medium"
"When You Say Nothing At All","Ronan Keating","Country","neutral","country","medium"
"You Had Me From Hello","Kenny Chesney","Country","neutral","country","medium"
"A Million Dreams","The Greatest Showman","Classical/Broadway/Ballads/Oldies","theatrical","showtunes|standards","low"
"A Song For You","Michael Buble","Classical/Broadway/Ballads/Oldies","theatrical","showtunes|standards","low"
"Adagio","Il Divo","Classical/Broadway/Ballads/Oldies","theatrical","showtunes|standards","low"
"After All","Michael Buble","Classical/Broadway/Ballads/Oldies","theatrical","showtunes|standards","low"
"After You've Gone","Frank Sinatra","Classical/Broadway/Ballads/Oldies","theatrical","showtunes|standards","low"
"Ain't That A Kick In The Head","Robbie Williams","Classical/Broadway/Ballads/Oldies","theatrical","showtunes|standards","low"
"All At Sea","Jamie Cullum","Classical/Broadway/Ballads/Oldies","theatrical","showtunes|standards","low"
"All I Ask of You","Josh Groban (Duet)","Classical/Broadway/Ballads/Oldies","theatrical","showtunes|standards","low"
"All I Do Is Dream of You","Michael Buble","Classical/Broadway/Ballads/Oldies","theatrical","showtunes|standards","low"
"All Of Me","Michael Buble","Classical/Broadway/Ballads/Oldies","theatrical","showtunes|standards","low"
"Angel Of The Morning","Juice Newton","Classical/Broadway/Ballads/Oldies","theatrical","showtunes|standards","low"
"Angels","Robbie Williams","Classical/Broadway/Ballads/Oldies","theatrical","showtunes|standards","low"
"Anthem","Chess","Classical/Broadway/Ballads/Oldies","theatrical","showtunes|standards","low"
"Anything Goes","Frank Sinatra","Classical/Broadway/Ballads/Oldies","theatrical","showtunes|standards","low"
"Arabian Nights","Aladdin","Classical/Broadway/Ballads/Oldies","theatrical","showtunes|standards","low"
"As If We never Said Goodbye","Barbara Streisand","Classical/Broadway/Ballads/Oldies","breakup|theatrical","showtunes|standards","low"
"At Last","Ray Anthony","Classical/Broadway/Ballads/Oldies","theatrical","showtunes|standards","low"
"At This Moment","Michael Buble","Classical/Broadway/Ballads/Oldies","theatrical","showtunes|standards","low"
"Awake","Josh Groban","Classical/Broadway/Ballads/Oldies","theatrical","showtunes|standards","low"
"Barcelona","Freddie Mecury & Monserrat Caballe","Classical/Broadway/Ballads/Oldies","theatrical","showtunes|standards","low"
"Because We Believe","Andrea Bocelli","Classical/Broadway/Ballads/Oldies","devotion|theatrical","showtunes|standards","low"
"Being Alive","(Company) John Barrowman","Classical/Broadway/Ballads/Oldies","theatrical","showtunes|standards","low"
"Bella Ciao","Traditional","Classical/Broadway/Ballads/Oldies","theatrical","showtunes|standards","low"
"Beneath Your Beautiful","Harrison Craig","Classical/Broadway/Ballads/Oldies","theatrical","showtunes|standards","low"
"Besame Mucho","Andrea Bocelli","Classical/Broadway/Ballads/Oldies","theatrical","showtunes|standards","low"
"Best Of Me","Michael Buble","Classical/Broadway/Ballads/Oldies","joy|theatrical","showtunes|standards","low"
"Beyond The Sea","Robbie Williams","Classical/Broadway/Ballads/Oldies","theatrical","showtunes|standards","low"
"Brave","Josh Groban","Classical/Broadway/Ballads/Oldies","theatrical","showtunes|standards","low"
"Brazil","Frank Sinatra","Classical/Broadway/Ballads/Oldies","theatrical","showtunes|standards","low"
"Bring Him Home","Les Miserables","Classical/Broadway/Ballads/Oldies","theatrical","showtunes|standards","low"
"Bui Doi","Miss Saigon","Classical/Broadway/Ballads/Oldies","theatrical","showtunes|standards","low"
"Call Me Irresponsible","Michael Buble","Classical/Broadway/Ballads/Oldies","theatrical","showtunes|standards","low"
"Can You Feel The Love Tonight","Elton John","Classical/Broadway/Ballads/Oldies","intimacy|theatrical","showtunes|standards","low"
"Can't Help Falling In Love","Harry Connick Jr","Classical/Broadway/Ballads/Oldies","intimacy|theatrical","showtunes|standards","low"
"Can't Take My Eyes Off Of You","The Overtones","Classical/Broadway/Ballads/Oldies","theatrical","showtunes|standards","low"
"Candy","Robbie Williams","Classical/Broadway/Ballads/Oldies","theatrical","showtunes|standards","low"
"Caro Mio Ben","Giordani","Classical/Broadway/Ballads/Oldies","theatrical","showtunes|standards","low"
"Chances Are","Johnny Mathis","Classical/Broadway/Ballads/Oldies","theatrical","showtunes|standards","low"
"Cheek To Cheek","Frank Sinatra","Classical/Broadway/Ballads/Oldies","theatrical","showtunes|standards","low"
"Close Your Eyes","Michael Buble","Classical/Broadway/Ballads/Oldies","theatrical","showtunes|standards","low"
"Come Dance With Me","Frank Sinatra","Classical/Broadway/Ballads/Oldies","joy|theatrical","showtunes|standards","low"
"Come Fly With Me","Michael Buble","Classical/Broadway/Ballads/Oldies","theatrical","showtunes|standards","low"
"Corner of the Sky","Pippin","Classical/Broadway/Ballads/Oldies","theatrical","showtunes|standards","low"
"Could It Be Magic","Barry Manilow","Classical/Broadway/Ballads/Oldies","theatrical","showtunes|standards","low"
"Crazy Little Thing Called Love","Michael Buble","Classical/Broadway/Ballads/Oldies","intimacy|theatrical","showtunes|standards","low"
"Cry Me A River","Michael Bubl","Classical/Broadway/Ballads/Oldies","breakup|theatrical","showtunes|standards","low"
"Defying Gravity","Wicked","Classical/Broadway/Ballads/Oldies","theatrical","showtunes|standards","low"
"Do Nothing Till You Hear From Me","Robbie Williams/Duke Ellington","Classical/Broadway/Ballads/Oldies","theatrical","showtunes|standards","low"
"Don't Cry For Me Argentina","Evita","Classical/Broadway/Ballads/Oldies","breakup|theatrical","showtunes|standards","low"
"Dream A Little Dream","Michael Buble","Classical/Broadway/Ballads/Oldies","theatrical","showtunes|standards","low"
"Earth Angel","The Penguins","Classical/Broadway/Ballads/Oldies","theatrical","showtunes|standards","low"
"Empty Chairs At Empty Tables","Les Miserable","Classical/Broadway/Ballads/Oldies","theatrical","showtunes|standards","low"
"Everything","Michael Buble","Classical/Broadway/Ballads/Oldies","theatrical","showtunes|standards","low"
"Fall On Me","Andrea Bocelli & Matteo Bocelli","Classical/Broadway/Ballads/Oldies","theatrical","showtunes|standards","low"
"February Song","Josh Groban","Classical/Broadway/Ballads/Oldies","theatrical","showtunes|standards","low"
"Feel","Robbie Williams","Classical/Broadway/Ballads/Oldies","theatrical","showtunes|standards","low"
"Feeling Good","Michael Buble","Classical/Broadway/Ballads/Oldies","theatrical","showtunes|standards","low"
"Fever","Michael Buble","Classical/Broadway/Ballads/Oldies","theatrical","showtunes|standards","low"
"Fly Me To The Moon","Frank Sinatra","Classical/Broadway/Ballads/Oldies","intimacy|theatrical","showtunes|standards","low"
"For Once In My Life","Michael Buble","Classical/Broadway/Ballads/Oldies","nostalgia|theatrical","showtunes|standards","low"
"Forever Autumn","Gary Barlow","Classical/Broadway/Ballads/Oldies","devotion|intimacy|theatrical","showtunes|standards","low"
"Georgia On My Mind","Michael Buble","Classical/Broadway/Ballads/Oldies","theatrical","showtunes|standards","low"
"Hallelujah","Shrek","Classical/Broadway/Ballads/Oldies","theatrical","showtunes|standards","low"
"Happier","Ed Sheeran","Classical/Broadway/Ballads/Oldies","theatrical","showtunes|standards","low"
"Harlem Nocturne","Mel Torme","Classical/Broadway/Ballads/Oldies","theatrical","showtunes|standards","low"
"Haven't Met You Yet","Michael Buble","Classical/Broadway/Ballads/Oldies","theatrical","showtunes|standards","low"
"He Aint Heavy He's My Brother","The Hollies","Classical/Broadway/Ballads/Oldies","theatrical","showtunes|standards","low"
"Hello Dolly","Louis Armstrong","Classical/Broadway/Ballads/Oldies","theatrical","showtunes|standards","low"
"Here's To The Losers","Frank Sinatra","Classical/Broadway/Ballads/Oldies","theatrical","showtunes|standards","low"
"Heroes","Mans Zelmerlow","Classical/Broadway/Ballads/Oldies","theatrical","showtunes|standards","low"
"Higher Ground","Stevie Wonder/The Sinatras","Classical/Broadway/Ballads/Oldies","theatrical","showtunes|standards","low"
"Hold On","Michael Buble","Classical/Broadway/Ballads/Oldies","intimacy|theatrical","showtunes|standards","low"
"Home","Michael Buble","Classical/Broadway/Ballads/Oldies","theatrical","showtunes|standards","low"
"How Sweet It Is to be Loved By You","Michael Buble","Classical/Broadway/Ballads/Oldies","intimacy|joy|theatrical","showtunes|standards","low"
"How Would You Feel","Ed Sheeran","Classical/Broadway/Ballads/Oldies","theatrical","showtunes|standards","low"
"I Am What I Am","John Barrowman","Classical/Broadway/Ballads/Oldies","empowerment|theatrical","showtunes|standards","low"
"I Believe In You","Michael Buble","Classical/Broadway/Ballads/Oldies","devotion|theatrical","showtunes|standards","low"
"I Dreamed A Dream","Les Miserable","Classical/Broadway/Ballads/Oldies","theatrical","showtunes|standards","low"
"I Get A Kick Out Of You","Frank Sinatra","Classical/Broadway/Ballads/Oldies","theatrical","showtunes|standards","low"
"I Left My Heart in San Francisco","Frank Sinatra","Classical/Broadway/Ballads/Oldies","intimacy|nostalgia|theatrical","showtunes|standards","low"
"I Left My Heart in San Francisco","Tony Bennett","Classical/Broadway/Ballads/Oldies","intimacy|nostalgia|theatrical","showtunes|standards","low"
"I Only Have Eyes For You","Michael Buble","Classical/Broadway/Ballads/Oldies","theatrical","showtunes|standards","low"
"I Put A Spell On You","Bette Midler","Classical/Broadway/Ballads/Oldies","theatrical","showtunes|standards","low"
"I Still Call Australia","Peter Allen","Classical/Broadway/Ballads/Oldies","theatrical","showtunes|standards","low"
"I Wanna Be Like You","Robbie Williams & Olly Murs","Classical/Broadway/Ballads/Oldies","theatrical","showtunes|standards","low"
"I Write The Songs","Barry Manilow","Classical/Broadway/Ballads/Oldies","theatrical","showtunes|standards","low"
"I'll Be Seeing You","Rod Stewart","Classical/Broadway/Ballads/Oldies","theatrical","showtunes|standards","low"
"I'm Beginning To See The Light","Michael Buble","Classical/Broadway/Ballads/Oldies","theatrical","showtunes|standards","low"
"I'm Your Man","Michael Buble","Classical/Broadway/Ballads/Oldies","intimacy|theatrical","showtunes|standards","low"
"I'm Yours","The Script","Classical/Broadway/Ballads/Oldies","theatrical","showtunes|standards","low"
"I've Got The World On A String","Michael Buble/Bing Crosby","Classical/Broadway/Ballads/Oldies","theatrical","showtunes|standards","low"
"I've Got You Under My Skin","Michael Buble","Classical/Broadway/Ballads/Oldies","theatrical","showtunes|standards","low"
"I've Grown Accustomed To Her Face","Dean Martin","Classical/Broadway/Ballads/Oldies","theatrical","showtunes|standards","low"
"If I Only Had A Brain","Robbie Williams","Classical/Broadway/Ballads/Oldies","theatrical","showtunes|standards","low"
"Into The Fire","Scarlet Pimpernel","Classical/Broadway/Ballads/Oldies","theatrical","showtunes|standards","low"
"It Don't Mean a Thing if it Ain't Got That Swing","Tony Bennet & Lady Gaga","Classical/Broadway/Ballads/Oldies","breakup|theatrical","showtunes|standards","low"
"It Had To Be You","Barbara Stresisand & Michael Buble","Classical/Broadway/Ballads/Oldies","theatrical","showtunes|standards","low"
"It's a Beautiful Day","Michael Buble","Classical/Broadway/Ballads/Oldies","joy|theatrical","showtunes|standards","low"
"Just In Time","Michael Buble/Tony Bennet","Classical/Broadway/Ballads/Oldies","theatrical","showtunes|standards","low"
"La Vie En Rose","Louis Armstrong","Classical/Broadway/Ballads/Oldies","theatrical","showtunes|standards","low"
"Lady In Red","Chris De Burgh","Classical/Broadway/Ballads/Oldies","theatrical","showtunes|standards","low"
"Leaving On A Jet Plane","John Denver","Classical/Broadway/Ballads/Oldies","theatrical","showtunes|standards","low"
"Let There Be Love","Michael Buble/Nat King Cole","Classical/Broadway/Ballads/Oldies","intimacy|theatrical","showtunes|standards","low"
"Let's Face The Music and Dance","Frank Sinatra","Classical/Broadway/Ballads/Oldies","joy|theatrical","showtunes|standards","low"
"Let's Get Away From It All","Frank Sinatra","Classical/Broadway/Ballads/Oldies","theatrical","showtunes|standards","low"
"Lost","Michael Buble","Classical/Broadway/Ballads/Oldies","breakup|theatrical","showtunes|standards","low"
"LOVE","Nat King Cole","Classical/Broadway/Ballads/Oldies","intimacy|theatrical","showtunes|standards","low"
"Love Changes Everything","Andrew Lloyd Webber","Classical/Broadway/Ballads/Oldies","intimacy|theatrical","showtunes|standards","low"
"Love My Life","Robbie Williams","Classical/Broadway/Ballads/Oldies","intimacy|theatrical","showtunes|standards","low"
"Love Will Keep Us Alive","The Eagles","Classical/Broadway/Ballads/Oldies","intimacy|theatrical","showtunes|standards","low"
"Love You Anymore","Michael Buble","Classical/Broadway/Ballads/Oldies","intimacy|theatrical","showtunes|standards","low"
"Luck Be A Lady Tonight","Guys and Dolls","Classical/Broadway/Ballads/Oldies","theatrical","showtunes|standards","low"
"Maria","West Side Story","Classical/Broadway/Ballads/Oldies","theatrical","showtunes|standards","low"
"Me and Mrs. Jones","Michael Buble","Classical/Broadway/Ballads/Oldies","theatrical","showtunes|standards","low"
"Memory","Cats","Classical/Broadway/Ballads/Oldies","theatrical","showtunes|standards","low"
"Mi Macherai","Josh Groban","Classical/Broadway/Ballads/Oldies","theatrical","showtunes|standards","low"
"Misty","Johnny Mathis","Classical/Broadway/Ballads/Oldies","theatrical","showtunes|standards","low"
"Misunderstood","Robbie Williams","Classical/Broadway/Ballads/Oldies","theatrical","showtunes|standards","low"
"Moon River","Young Sinatras","Classical/Broadway/Ballads/Oldies","intimacy|nostalgia|theatrical","showtunes|standards","low"
"Moondance","Michael Buble","Classical/Broadway/Ballads/Oldies","intimacy|joy|theatrical","showtunes|standards","low"
"Moonlight Serenade","Frank Sinatra","Classical/Broadway/Ballads/Oldies","intimacy|theatrical","showtunes|standards","low"
"My Baby Just Cares For Me","Michael Buble","Classical/Broadway/Ballads/Oldies","theatrical","showtunes|standards","low"
"My Funny Valentine","Michael Buble","Classical/Broadway/Ballads/Oldies","joy|theatrical","showtunes|standards","low"
"My Kind Of Girl","Michael Buble","Classical/Broadway/Ballads/Oldies","theatrical","showtunes|standards","low"
"My Special Angel","Bobby Helms","Classical/Broadway/Ballads/Oldies","theatrical","showtunes|standards","low"
"My Way","Frank Sinatra","Classical/Broadway/Ballads/Oldies","theatrical","showtunes|standards","low"
"Nella Fantasia","Classical","Classical/Broadway/Ballads/Oldies","theatrical","showtunes|standards","low"
"Nessun Dorma","Turandot","Classical/Broadway/Ballads/Oldies","theatrical","showtunes|standards","low"
"Never Enough","The Greatest Showman","Classical/Broadway/Ballads/Oldies","breakup|theatrical","showtunes|standards","low"
"Nevertheless","Michael Buble","Classical/Broadway/Ballads/Oldies","breakup|theatrical","showtunes|standards","low"
"New York New York","Frank Sinatra","Classical/Broadway/Ballads/Oldies","nostalgia|theatrical","showtunes|standards","low"
"Nice 'N' Easy","Frank Sinatra","Classical/Broadway/Ballads/Oldies","theatrical","showtunes|standards","low"
"Night And Day","Frank Sinatra","Classical/Broadway/Ballads/Oldies","theatrical","showtunes|standards","low"
"Nightshift","The Commodores","Classical/Broadway/Ballads/Oldies","theatrical","showtunes|standards","low"
"No Matter What","Callum Scott","Classical/Broadway/Ballads/Oldies","theatrical","showtunes|standards","low"
"Nobody But Me","Michael Buble","Classical/Broadway/Ballads/Oldies","theatrical","showtunes|standards","low"
"Not While I'm Around","Sweeney Todd","Classical/Broadway/Ballads/Oldies","theatrical","showtunes|standards","low"
"O Sole Mio","Luciano Pavarotti","Classical/Broadway/Ballads/Oldies","theatrical","showtunes|standards","low"
"Old Devil Moon","Jamie Cullum","Classical/Broadway/Ballads/Oldies","intimacy|theatrical","showtunes|standards","low"
"On an Evening in Roma","Michael Buble","Classical/Broadway/Ballads/Oldies","theatrical","showtunes|standards","low"
"On The Street Where You Live","My Fair Lady","Classical/Broadway/Ballads/Oldies","theatrical","showtunes|standards","low"
"Once Upon A Dream","Sleeping Beauty","Classical/Broadway/Ballads/Oldies","theatrical","showtunes|standards","low"
"One","A Chorus Line","Classical/Broadway/Ballads/Oldies","theatrical","showtunes|standards","low"
"One Song Glory","Rent","Classical/Broadway/Ballads/Oldies","theatrical","showtunes|standards","low"
"Otto Titsling","Bette Midler","Classical/Broadway/Ballads/Oldies","theatrical","showtunes|standards","low"
"Over the Rainbow","Josh Groban","Classical/Broadway/Ballads/Oldies","theatrical","showtunes|standards","low"
"Panis Angelicus","Andrea Bocelli","Classical/Broadway/Ballads/Oldies","theatrical","showtunes|standards","low"
"Piercing Eyes","Haydn Joseph","Classical/Broadway/Ballads/Oldies","theatrical","showtunes|standards","low"
"Please Mr Jailer","Cry Baby","Classical/Broadway/Ballads/Oldies","theatrical","showtunes|standards","low"
"Pure Imagination","Josh Groban","Classical/Broadway/Ballads/Oldies","theatrical","showtunes|standards","low"
"Put Your Head On My Shoulder","Michael Buble","Classical/Broadway/Ballads/Oldies","theatrical","showtunes|standards","low"
"Puttin On the Ritz","Robbie Williams","Classical/Broadway/Ballads/Oldies","theatrical","showtunes|standards","low"
"Quando Quando Quando","Michael Buble","Classical/Broadway/Ballads/Oldies","theatrical","showtunes|standards","low"
"Rainy Days And Mondays","The Carpenters","Classical/Broadway/Ballads/Oldies","theatrical","showtunes|standards","low"
"Razzle Dazzle","Chicago","Classical/Broadway/Ballads/Oldies","theatrical","showtunes|standards","low"
"Remember","Josh Groban","Classical/Broadway/Ballads/Oldies","theatrical","showtunes|standards","low"
"Remember When It Rained","Josh Groban","Classical/Broadway/Ballads/Oldies","theatrical","showtunes|standards","low"
"Rewrite The Stars","The Greatest Showman","Classical/Broadway/Ballads/Oldies","theatrical","showtunes|standards","low"
"River","Josh Groban","Classical/Broadway/Ballads/Oldies","theatrical","showtunes|standards","low"
"River Stay Away From My Door","Frank Sinatra","Classical/Broadway/Ballads/Oldies","theatrical","showtunes|standards","low"
"Rockin Around the Clock","The Comets","Classical/Broadway/Ballads/Oldies","joy|theatrical","showtunes|standards","low"
"Save The Last Dance","Michael Buble","Classical/Broadway/Ballads/Oldies","joy|theatrical","showtunes|standards","low"
"Seasons of Love","Rent","Classical/Broadway/Ballads/Oldies","intimacy|theatrical","showtunes|standards","low"
"Seventy Six Trombones","The Music Man","Classical/Broadway/Ballads/Oldies","theatrical","showtunes|standards","low"
"Shallow","A Star Is Born","Classical/Broadway/Ballads/Oldies","theatrical","showtunes|standards","low"
"She's The One","Robbie Williams","Classical/Broadway/Ballads/Oldies","theatrical","showtunes|standards","low"
"Singin' in the Rain","Gene Kelly","Classical/Broadway/Ballads/Oldies","theatrical","showtunes|standards","low"
"Smile","Charles Chaplin","Classical/Broadway/Ballads/Oldies","joy|theatrical","showtunes|standards","low"
"Smoke Gets in Your Eyes","The Platters","Classical/Broadway/Ballads/Oldies","theatrical","showtunes|standards","low"
"Softly, As I leave You","Michael Buble","Classical/Broadway/Ballads/Oldies","breakup|theatrical","showtunes|standards","low"
"Some Enchanted Evening","South Pacific","Classical/Broadway/Ballads/Oldies","theatrical","showtunes|standards","low"
"Someday","Michael Buble","Classical/Broadway/Ballads/Oldies","theatrical","showtunes|standards","low"
"Someone To Watch Over Me","Sting (Piano)","Classical/Broadway/Ballads/Oldies","intimacy|theatrical","showtunes|standards","low"
"Something Good","The Sound Of Music","Classical/Broadway/Ballads/Oldies","theatrical","showtunes|standards","low"
"Something's Coming","West Side Story","Classical/Broadway/Ballads/Oldies","theatrical","showtunes|standards","low"
"Somewhere","West Side Story","Classical/Broadway/Ballads/Oldies","theatrical","showtunes|standards","low"
"Somos Novios","Luis Miguel","Classical/Broadway/Ballads/Oldies","theatrical","showtunes|standards","low"
"St. Louis Blues","Peter Cincotti","Classical/Broadway/Ballads/Oldies","theatrical","showtunes|standards","low"
"Stars","Les Miserables","Classical/Broadway/Ballads/Oldies","theatrical","showtunes|standards","low"
"Steppin' Out With My Baby","Tony Bennet & Michael Buble","Classical/Broadway/Ballads/Oldies","theatrical","showtunes|standards","low"
"Stranger In Paradise","Tony Bennett","Classical/Broadway/Ballads/Oldies","theatrical","showtunes|standards","low"
"Strangers In The Night","Frank Sinatra","Classical/Broadway/Ballads/Oldies","theatrical","showtunes|standards","low"
"Summer Nights","Grease","Classical/Broadway/Ballads/Oldies","theatrical","showtunes|standards","low"
"Summer Wind","Michael Buble","Classical/Broadway/Ballads/Oldies","theatrical","showtunes|standards","low"
"Sunset Boulevard","Sunset Boulevard","Classical/Broadway/Ballads/Oldies","theatrical","showtunes|standards","low"
"Sway","Michael Buble","Classical/Broadway/Ballads/Oldies","theatrical","showtunes|standards","low"
"Sweet Caroline","Frank Sinatra","Classical/Broadway/Ballads/Oldies","joy|theatrical","showtunes|standards","low"
"Thankful","Josh Groban","Classical/Broadway/Ballads/Oldies","theatrical","showtunes|standards","low"
"That's Amore","Dean Martin","Classical/Broadway/Ballads/Oldies","theatrical","showtunes|standards","low"
"That's Life","Michael Buble","Classical/Broadway/Ballads/Oldies","theatrical","showtunes|standards","low"
"The Best Is Yet To Come","Frank Sinatra","Classical/Broadway/Ballads/Oldies","joy|theatrical","showtunes|standards","low"
"The First Time Ever I Saw Your Face","George Michael","Classical/Broadway/Ballads/Oldies","theatrical","showtunes|standards","low"
"The Lady Is A Tramp","Tony Bennet & Lady Gaga","Classical/Broadway/Ballads/Oldies","theatrical","showtunes|standards","low"
"The Love Boat","Jack Jones","Classical/Broadway/Ballads/Oldies","intimacy|theatrical","showtunes|standards","low"
"The More I See You","Michael Buble","Classical/Broadway/Ballads/Oldies","theatrical","showtunes|standards","low"
"The Mummer's Dance","Loreena McKennit","Classical/Broadway/Ballads/Oldies","joy|theatrical","showtunes|standards","low"
"The Music of The Night","Phantom of the Opera","Classical/Broadway/Ballads/Oldies","theatrical","showtunes|standards","low"
"The Other Side","The Greatest Showman","Classical/Broadway/Ballads/Oldies","theatrical","showtunes|standards","low"
"The Phantom of The Opera","Webber","Classical/Broadway/Ballads/Oldies","theatrical","showtunes|standards","low"
"The Rainbow Connection","Kermit the Frog","Classical/Broadway/Ballads/Oldies","theatrical","showtunes|standards","low"
"The Very Thought Of You","Michael Buble","Classical/Broadway/Ballads/Oldies","theatrical","showtunes|standards","low"
"The Way You Look Tonight","Michael Buble","Classical/Broadway/Ballads/Oldies","intimacy|theatrical","showtunes|standards","low"
"The Winner Takes It All","John Barrowman","Classical/Broadway/Ballads/Oldies","breakup|theatrical","showtunes|standards","low"
"These Boots Are Made for Walkin'","Nancy Sinatra","Classical/Broadway/Ballads/Oldies","theatrical","showtunes|standards","low"
"They Can't Take That Away From Me","Robbie Williams","Classical/Broadway/Ballads/Oldies","theatrical","showtunes|standards","low"
"This Is Me","The Greatest Showman","Classical/Broadway/Ballads/Oldies","empowerment|theatrical","showtunes|standards","low"
"This is the Moment","Jekyll & Hyde","Classical/Broadway/Ballads/Oldies","theatrical","showtunes|standards","low"
"This Is The New Year","Glee/Great Big World","Classical/Broadway/Ballads/Oldies","theatrical","showtunes|standards","low"
"Three Times A Lady","The Commodores","Classical/Broadway/Ballads/Oldies","theatrical","showtunes|standards","low"
"Time To Say Goodbye (Con Te Partiro)","Andrea Bocelli","Classical/Broadway/Ballads/Oldies","breakup|theatrical","showtunes|standards","low"
"To Where You Are","Josh Groban","Classical/Broadway/Ballads/Oldies","theatrical","showtunes|standards","low"
"True Colors","Justin Timberlake","Classical/Broadway/Ballads/Oldies","theatrical","showtunes|standards","low"
"True Love Ways","Cliff Richard","Classical/Broadway/Ballads/Oldies","intimacy|theatrical","showtunes|standards","low"
"Try A Little Tenderness","Michael Buble","Classical/Broadway/Ballads/Oldies","theatrical","showtunes|standards","low"
"Try to Remember","Josh Groban","Classical/Broadway/Ballads/Oldies","theatrical","showtunes|standards","low"
"Unchained Melody","The Righteous Brother","Classical/Broadway/Ballads/Oldies","theatrical","showtunes|standards","low"
"Unforgettable","Nat King Cole","Classical/Broadway/Ballads/Oldies","theatrical","showtunes|standards","low"
"Vivo Per Lei","Andrea Bocell","Classical/Broadway/Ballads/Oldies","theatrical","showtunes|standards","low"
"Volare","Dany Brillant","Classical/Broadway/Ballads/Oldies","theatrical","showtunes|standards","low"
"Waving Through a Window","Dear Evan Hanson","Classical/Broadway/Ballads/Oldies","theatrical","showtunes|standards","low"
"Weekend in New England","Barry Manilow","Classical/Broadway/Ballads/Oldies","theatrical","showtunes|standards","low"
"What I Did For Love","Josh Groban","Classical/Broadway/Ballads/Oldies","intimacy|theatrical","showtunes|standards","low"
"What You Own","Rent","Classical/Broadway/Ballads/Oldies","theatrical","showtunes|standards","low"
"When a Man Loves a Woman","Percy Sledge","Classical/Broadway/Ballads/Oldies","intimacy|theatrical","showtunes|standards","low"
"When October Goes","Barry Manilow","Classical/Broadway/Ballads/Oldies","theatrical","showtunes|standards","low"
"When You Believe","Leon Jackson/The Prince of Egypt","Classical/Broadway/Ballads/Oldies","devotion|theatrical","showtunes|standards","low"
"When You Say You Love Me","Josh Groban","Classical/Broadway/Ballads/Oldies","intimacy|theatrical","showtunes|standards","low"
"When You Wish Upon A Star","Linda Ronstadt","Classical/Broadway/Ballads/Oldies","theatrical","showtunes|standards","low"
"Where Or When","Michael Buble","Classical/Broadway/Ballads/Oldies","theatrical","showtunes|standards","low"
"Witchcraft","Frank Sinatra","Classical/Broadway/Ballads/Oldies","theatrical","showtunes|standards","low"
"Wonderful Tonight","Michael Buble (Eric Clapton)","Classical/Broadway/Ballads/Oldies","intimacy|theatrical","showtunes|standards","low"
"Yesterday","The Beatles","Classical/Broadway/Ballads/Oldies","nostalgia|theatrical","showtunes|standards","low"
"You And I","Michael Buble","Classical/Broadway/Ballads/Oldies","devotion|theatrical","showtunes|standards","low"
"You are Loved (Dont Give Up)","Josh Groban","Classical/Broadway/Ballads/Oldies","devotion|intimacy|theatrical","showtunes|standards","low"
"You Are So Beautiful","Joe Cocker","Classical/Broadway/Ballads/Oldies","theatrical","showtunes|standards","low"
"You Are The Reason","Calum Scott","Classical/Broadway/Ballads/Oldies","theatrical","showtunes|standards","low"
"You Can Leave Your Hat on","Joe Cocker","Classical/Broadway/Ballads/Oldies","breakup|theatrical","showtunes|standards","low"
"You Don't Know Me","Michael Buble","Classical/Broadway/Ballads/Oldies","breakup|theatrical","showtunes|standards","low"
"You Make Me Feel So Young","Michael Buble","Classical/Broadway/Ballads/Oldies","theatrical","showtunes|standards","low"
"You Matter To Me","Jason Mraz & Sara Bareilles","Classical/Broadway/Ballads/Oldies","theatrical","showtunes|standards","low"
"You Raise Me Up","Josh Groban","Classical/Broadway/Ballads/Oldies","devotion|theatrical","showtunes|standards","low"
"You'll Be Back","Hamilton","Classical/Broadway/Ballads/Oldies","theatrical","showtunes|standards","low"
"You'll Never Walk Alone","Josh Groban","Classical/Broadway/Ballads/Oldies","breakup|theatrical","showtunes|standards","low"
"You're Nobody Till Somebody Loves You","Michael Buble/Dean Martin","Classical/Broadway/Ballads/Oldies","intimacy|theatrical","showtunes|standards","low"
"You've Got A Friend In Me","Michael Buble","Classical/Broadway/Ballads/Oldies","theatrical","showtunes|standards","low"
"Young At Heart","Frank Sinatra","Classical/Broadway/Ballads/Oldies","intimacy|nostalgia|theatrical","showtunes|standards","low"
"(I Just) Died in Your Arms","Cutting Crew","Pop/Rock/EDM","neutral","pop_rock","high"
"21 Guns","Green Day","Pop/Rock/EDM","neutral","pop_rock","high"
"A Beatiful Mess","Jason Mraz","Pop/Rock/EDM","neutral","pop_rock","high"
"A Groovy Kind of Love","Phil Collins","Pop/Rock/EDM","intimacy","pop_rock","high"
"A Sky Full of Stars","ColdPlay","Pop/Rock/EDM","neutral","pop_rock","high"
"A Sympton of Being Human","Shinedown","Pop/Rock/EDM","neutral","pop_rock","high"
"Adventure of a Lifetime","ColdPlay","Pop/Rock/EDM","neutral","pop_rock","high"
"Africa","Toto","Pop/Rock/EDM","neutral","pop_rock","high"
"Against All Odds","Phil Collins","Pop/Rock/EDM","neutral","pop_rock","high"
"Ain't No Sunshine","Bill Withers","Pop/Rock/EDM","neutral","pop_rock","high"
"All I Want","Kodaline","Pop/Rock/EDM","neutral","pop_rock","high"
"All I Want","Toad the Wet Sprocket","Pop/Rock/EDM","neutral","pop_rock","high"
"All Of Me","Boyce Avenue","Pop/Rock/EDM","neutral","pop_rock","high"
"All Of Me","John Legend (Tiesto)","Pop/Rock/EDM","neutral","pop_rock","high"
"All Of The Stars","Ed Sheeran","Pop/Rock/EDM","neutral","pop_rock","high"
"An Englishman In New York","Sting","Pop/Rock/EDM","nostalgia","pop_rock","high"
"Angel","Sarah McLachlan","Pop/Rock/EDM","neutral","pop_rock","high"
"Angie","The Rolling Stones","Pop/Rock/EDM","neutral","pop_rock","high"
"Another Day In Paradise","Phil Collin","Pop/Rock/EDM","neutral","pop_rock","high"
"Another Love","Tom Odell","Pop/Rock/EDM","intimacy","pop_rock","high"
"Are You With Me","Lost Frequencies","Pop/Rock/EDM","neutral","pop_rock","high"
"As it Was","Harry Styles","Pop/Rock/EDM","neutral","pop_rock","high"
"Azizam","Ed Sheeran","Pop/Rock/EDM","neutral","pop_rock","high"
"Baby I Love Your Way","Peter Frampton","Pop/Rock/EDM","intimacy","pop_rock","high"
"Baby One More Time","Ed Sheeran","Pop/Rock/EDM","neutral","pop_rock","high"
"Bad Day","Daniel Powter","Pop/Rock/EDM","neutral","pop_rock","high"
"Be A Boy","Robbie Williams","Pop/Rock/EDM","neutral","pop_rock","high"
"Bed Of Roses","Bon Jovi","Pop/Rock/EDM","neutral","pop_rock","high"
"Before You Go","Lewis Capaldi","Pop/Rock/EDM","neutral","pop_rock","high"
"Believe","Cher","Pop/Rock/EDM","devotion","pop_rock","high"
"Belong Together","Mark Ambor","Pop/Rock/EDM","intimacy","pop_rock","high"
"Bennie And The Jets","Elton John","Pop/Rock/EDM","neutral","pop_rock","high"
"Better Man","Robbie Williams","Pop/Rock/EDM","neutral","pop_rock","high"
"Blackbird","The Beatles","Pop/Rock/EDM","neutral","pop_rock","high"
"Blessed","Elton John","Pop/Rock/EDM","neutral","pop_rock","high"
"Blowin' In The Wind","Bob Dylan","Pop/Rock/EDM","neutral","pop_rock","high"
"Blue Eyes","Elton John","Pop/Rock/EDM","neutral","pop_rock","high"
"Body and Soul","Amy Winehouse / Tony Bennett","Pop/Rock/EDM","neutral","pop_rock","high"
"Boulevard of Broke Dreams","Green Day","Pop/Rock/EDM","neutral","pop_rock","high"
"Bridge Over Troubled Water","Simon & Garfunkel","Pop/Rock/EDM","neutral","pop_rock","high"
"Broken Wings","Mr Mister","Pop/Rock/EDM","breakup","pop_rock","high"
"Brothers in Arms","Dire Straits","Pop/Rock/EDM","neutral","pop_rock","high"
"Bye Bye Blackbird","Henderson & Dixon","Pop/Rock/EDM","neutral","pop_rock","high"
"California Dreamin'","The Mamas & The Papas","Pop/Rock/EDM","neutral","pop_rock","high"
"Call Me","Blondie","Pop/Rock/EDM","neutral","pop_rock","high"
"Can't Stop","Red Hot Chili Peppers","Pop/Rock/EDM","neutral","pop_rock","high"
"Can't Stop the Feeling","Justin Timberlake","Pop/Rock/EDM","neutral","pop_rock","high"
"Candle In The Wind","Elton John","Pop/Rock/EDM","neutral","pop_rock","high"
"Careless Whisper","George Michael","Pop/Rock/EDM","neutral","pop_rock","high"
"Celebration","The Overtones","Pop/Rock/EDM","joy","pop_rock","high"
"Celestial","Ed Sheeran","Pop/Rock/EDM","neutral","pop_rock","high"
"Chasing Cars","Snow Patrol","Pop/Rock/EDM","neutral","pop_rock","high"
"Chasing the Sun","The Wanted","Pop/Rock/EDM","neutral","pop_rock","high"
"Clocks","ColdPlay","Pop/Rock/EDM","neutral","pop_rock","high"
"Close To You","The Carpenters","Pop/Rock/EDM","neutral","pop_rock","high"
"Closer","The Chainsmokers","Pop/Rock/EDM","neutral","pop_rock","high"
"Club At The End Of The Street","Elton John","Pop/Rock/EDM","neutral","pop_rock","high"
"Come and Get Your Love","Redbone","Pop/Rock/EDM","intimacy","pop_rock","high"
"Come As You Are","Nirvana","Pop/Rock/EDM","neutral","pop_rock","high"
"Come Away With Me","Norah Jones","Pop/Rock/EDM","intimacy","pop_rock","high"
"Come Together","The Beatles","Pop/Rock/EDM","intimacy","pop_rock","high"
"Complicated","Avril Lavigne","Pop/Rock/EDM","neutral","pop_rock","high"
"Cotton Fields","Creedance Clearwater Revival","Pop/Rock/EDM","neutral","pop_rock","high"
"Could It Be Magic","Take That","Pop/Rock/EDM","neutral","pop_rock","high"
"Count On Me","Bruno Mars","Pop/Rock/EDM","devotion","pop_rock","high"
"Counting Stars","OneRepublic","Pop/Rock/EDM","neutral","pop_rock","high"
"Cover Me in Sunshine","Pink","Pop/Rock/EDM","neutral","pop_rock","high"
"Creep","Radiohead","Pop/Rock/EDM","neutral","pop_rock","high"
"Dance With My Father","Luther Vandross","Pop/Rock/EDM","joy","pop_rock","high"
"Dancin in the Moonlight","Toploader","Pop/Rock/EDM","intimacy","pop_rock","high"
"Dare You","Hardwell","Pop/Rock/EDM","neutral","pop_rock","high"
"Daughters","John Mayer","Pop/Rock/EDM","neutral","pop_rock","high"
"Daydream Believer","The Monkees","Pop/Rock/EDM","devotion","pop_rock","high"
"Die With a Smile","Bruno Mars / Lady Gaga","Pop/Rock/EDM","joy","pop_rock","high"
"Don't Dream It's Over","Crowded House","Pop/Rock/EDM","breakup","pop_rock","high"
"Don't Go Breaking My Heart","Elton John","Pop/Rock/EDM","breakup|intimacy","pop_rock","high"
"Don't Know Why","Norah Jones","Pop/Rock/EDM","breakup","pop_rock","high"
"Don't Let The Sun Go Down On Me","Elton Joh","Pop/Rock/EDM","breakup","pop_rock","high"
"Don't Lose My Number","Phil Collins","Pop/Rock/EDM","breakup","pop_rock","high"
"Don't Speak","No Doubt","Pop/Rock/EDM","breakup","pop_rock","high"
"Don't Stand So Close To Me","Police","Pop/Rock/EDM","breakup","pop_rock","high"
"Don't Stop Believin'","Boyce Avenue","Pop/Rock/EDM","breakup|empowerment","pop_rock","high"
"Don't You Worry Child","Swedish House Mafia","Pop/Rock/EDM","breakup","pop_rock","high"
"Dream On","Aerosmith","Pop/Rock/EDM","neutral","pop_rock","high"
"Dust In The Wind","Kansas","Pop/Rock/EDM","neutral","pop_rock","high"
"Dynamite","Boyce Avenue","Pop/Rock/EDM","neutral","pop_rock","high"
"Easy (Like Sunday Morning)","Lionel Richie","Pop/Rock/EDM","neutral","pop_rock","high"
"Easy Lover","Phil Collins","Pop/Rock/EDM","intimacy","pop_rock","high"
"Easy On Me","Adele","Pop/Rock/EDM","neutral","pop_rock","high"
"Endless Love","Diana Ross/Lionel Richie","Pop/Rock/EDM","intimacy","pop_rock","high"
"Enjoy The Silence","Depeche Mode","Pop/Rock/EDM","neutral","pop_rock","high"
"Eternity","Robbie Williams","Pop/Rock/EDM","neutral","pop_rock","high"
"Everday","Phil Collins","Pop/Rock/EDM","neutral","pop_rock","high"
"Everglow","Coldplay","Pop/Rock/EDM","neutral","pop_rock","high"
"Every Breath You Take","The Police","Pop/Rock/EDM","neutral","pop_rock","high"
"Everybody Hurts","REM","Pop/Rock/EDM","breakup","pop_rock","high"
"Everybody Wants To Rule The World","Tears for Fears","Pop/Rock/EDM","neutral","pop_rock","high"
"Everything I do I do it for you","Bryan Adams","Pop/Rock/EDM","neutral","pop_rock","high"
"Eye of the Tiger","Survivor","Pop/Rock/EDM","empowerment","pop_rock","high"
"Faith","George Michael","Pop/Rock/EDM","devotion","pop_rock","high"
"Falling Slowly","Glen Hansard","Pop/Rock/EDM","neutral","pop_rock","high"
"Fast Cars","Tracy Chapman","Pop/Rock/EDM","neutral","pop_rock","high"
"Fields of Gold","Sting","Pop/Rock/EDM","neutral","pop_rock","low"
"Fight Song","Racheal Platten","Pop/Rock/EDM","neutral","pop_rock","high"
"Fire And Rain","James Taylor","Pop/Rock/EDM","neutral","pop_rock","high"
"Fix You","ColdPlay","Pop/Rock/EDM","neutral","pop_rock","low"
"Fly Robin Fly","Silver Convention","Pop/Rock/EDM","neutral","pop_rock","high"
"Flying Without Wings","Westlife","Pop/Rock/EDM","neutral","pop_rock","high"
"Follow You","Imagine Dragons","Pop/Rock/EDM","neutral","pop_rock","high"
"Footloose","Kenny Loggins","Pop/Rock/EDM","neutral","pop_rock","high"
"Forever Autumn","Gary Barlow","Pop/Rock/EDM","devotion|intimacy","pop_rock","high"
"Forever Young","Alphaville","Pop/Rock/EDM","devotion|intimacy","pop_rock","high"
"Fragile","Sting","Pop/Rock/EDM","neutral","pop_rock","low"
"Free Fallin","Tom Petty","Pop/Rock/EDM","neutral","pop_rock","high"
"Get Lucky","Daft Punk/Pharrell Williams","Pop/Rock/EDM","neutral","pop_rock","high"
"Give a Little Bit","Supertramp","Pop/Rock/EDM","neutral","pop_rock","high"
"Give Me The Keys","Huey Lewis","Pop/Rock/EDM","neutral","pop_rock","high"
"Glimpse Of Us","Joji","Pop/Rock/EDM","neutral","pop_rock","high"
"Glory Days","Bruce Springsteen","Pop/Rock/EDM","neutral","pop_rock","high"
"Go Your Own Way","Fleetwood Mac","Pop/Rock/EDM","breakup","pop_rock","high"
"Golden Hour","Jvke","Pop/Rock/EDM","neutral","pop_rock","high"
"Gone, Gone, Gone","Phillip Phillips","Pop/Rock/EDM","neutral","pop_rock","high"
"Good Times","Chic","Pop/Rock/EDM","joy","pop_rock","high"
"Goodbye My Lover","James Blunt","Pop/Rock/EDM","breakup|intimacy","pop_rock","high"
"Goodbye Stranger","Supertramp","Pop/Rock/EDM","breakup","pop_rock","high"
"Goodbye Yellow Brick Road","Elton John","Pop/Rock/EDM","breakup","pop_rock","high"
"Gravity","John Mayer","Pop/Rock/EDM","neutral","pop_rock","high"
"Greatest Love of All","Whitney Houston","Pop/Rock/EDM","intimacy","pop_rock","high"
"Hall Of Fame","The Script","Pop/Rock/EDM","empowerment","pop_rock","high"
"Happy Together","The Turtles","Pop/Rock/EDM","intimacy|joy","pop_rock","high"
"Have You Ever Seen The Rain?","Creedence Clearwater Revival","Pop/Rock/EDM","neutral","pop_rock","high"
"Heart of Gold","Neil Young","Pop/Rock/EDM","intimacy","pop_rock","high"
"Heather","Conan Gray","Pop/Rock/EDM","neutral","pop_rock","high"
"Heaven","Bryan Adams","Pop/Rock/EDM","neutral","pop_rock","high"
"Hello","Todd Rundgren","Pop/Rock/EDM","neutral","pop_rock","high"
"Here Without You","3 Doors Down","Pop/Rock/EDM","breakup","pop_rock","high"
"Hero","Enrique Iglesias","Pop/Rock/EDM","neutral","pop_rock","high"
"Heroes (We Could Be)","Alesso","Pop/Rock/EDM","neutral","pop_rock","high"
"Hey Brother","Avicii","Pop/Rock/EDM","neutral","pop_rock","high"
"Higher Ground","Rasmussen (Eurovision)","Pop/Rock/EDM","neutral","pop_rock","high"
"Hold Me Now","Thompson Twins","Pop/Rock/EDM","intimacy","pop_rock","high"
"Holding Back the Years","The Cooltrane Quartet","Pop/Rock/EDM","intimacy","pop_rock","high"
"Home","Phillip Phillips","Pop/Rock/EDM","neutral","pop_rock","high"
"Honesty","Billy Joel","Pop/Rock/EDM","neutral","pop_rock","high"
"Hotel California","The Eagles","Pop/Rock/EDM","neutral","pop_rock","high"
"How Deep Is Your Love","Bee Gees","Pop/Rock/EDM","intimacy","pop_rock","high"
"How Deep Is Your Love","Calvin Harris","Pop/Rock/EDM","intimacy","pop_rock","high"
"How to Save a Life","The Fray","Pop/Rock/EDM","neutral","pop_rock","high"
"How Would You Feel","Ed Sheeran","Pop/Rock/EDM","neutral","pop_rock","high"
"Hungry Eyes","Eric Carmen","Pop/Rock/EDM","neutral","pop_rock","high"
"Hysteria","Def Leppard","Pop/Rock/EDM","neutral","pop_rock","high"
"I Can See Clearly Now","Lee Towers","Pop/Rock/EDM","neutral","pop_rock","high"
"I Can't Fight This Feeling Anymore","REO Speedwagon","Pop/Rock/EDM","neutral","pop_rock","high"
"I Can't Make You Love Me","Bonnie Raitt","Pop/Rock/EDM","intimacy","pop_rock","high"
"I Don't Want to Talk About It","Rod Stewart","Pop/Rock/EDM","breakup","pop_rock","high"
"I Feel it Coming","The Weekend","Pop/Rock/EDM","neutral","pop_rock","high"
"I Guess Thats Why They Call It The Blues","Elton John","Pop/Rock/EDM","neutral","pop_rock","high"
"I Just Called To Say I Love You","Stevie Wonder","Pop/Rock/EDM","intimacy","pop_rock","high"
"I Knew You Were Trouble","Boyce Avenue","Pop/Rock/EDM","neutral","pop_rock","high"
"I Knew You Were Waiting (For Me)","George Michael & Aretha Franklin","Pop/Rock/EDM","neutral","pop_rock","high"
"I Lived","OneRepublic","Pop/Rock/EDM","neutral","pop_rock","high"
"I Love a Rainy Night","Eddie Rabbit","Pop/Rock/EDM","intimacy","pop_rock","high"
"I Really Want It","Great Big World","Pop/Rock/EDM","neutral","pop_rock","high"
"I Still Haven't Found What I'm Looking For","U2","Pop/Rock/EDM","neutral","pop_rock","high"
"I Want To Grow Old With You","Westlife","Pop/Rock/EDM","intimacy","pop_rock","high"
"I Want Your Sex","George Michael","Pop/Rock/EDM","neutral","pop_rock","high"
"I Will Survive","Gloria Gaynor","Pop/Rock/EDM","empowerment","pop_rock","high"
"I Won't Give Up","Jason Mraz","Pop/Rock/EDM","neutral","pop_rock","high"
"I'll Be Over You","Toto","Pop/Rock/EDM","neutral","pop_rock","high"
"I'll Be There For You","The Rembrants (Friends)","Pop/Rock/EDM","neutral","pop_rock","high"
"I'm a Believer","The Monkees","Pop/Rock/EDM","devotion","pop_rock","high"
"I'm Gonna Be (500 Miles)","The Proclaimers","Pop/Rock/EDM","neutral","pop_rock","high"
"I'm Good (Blue)","Bebe Rexha","Pop/Rock/EDM","neutral","pop_rock","high"
"I'm Not The Only One","Sam Smith","Pop/Rock/EDM","neutral","pop_rock","high"
"I'm So Excited","The Pointer Sisters","Pop/Rock/EDM","joy","pop_rock","high"
"I'm Still Standing","Elton John","Pop/Rock/EDM","neutral","pop_rock","high"
"If This Is It","Huey Lewis","Pop/Rock/EDM","neutral","pop_rock","high"
"If You Leave Me Now","Chicago","Pop/Rock/EDM","breakup","pop_rock","high"
"Imagine","John Lennon","Pop/Rock/EDM","neutral","pop_rock","high"
"In My Life","The Beatles","Pop/Rock/EDM","nostalgia","pop_rock","high"
"In My Place","Coldplay","Pop/Rock/EDM","neutral","pop_rock","high"
"Invisible Touch","Genesis","Pop/Rock/EDM","neutral","pop_rock","high"
"Iris","Goo Goo Dolls","Pop/Rock/EDM","neutral","pop_rock","high"
"It Might Be You","Stephen Bishop","Pop/Rock/EDM","neutral","pop_rock","high"
"It Never Tains in Southern California","Albert Hammond","Pop/Rock/EDM","breakup","pop_rock","high"
"It's a Sin","Pet Shop Boys","Pop/Rock/EDM","neutral","pop_rock","high"
"It's My Life","Bon Jovi","Pop/Rock/EDM","neutral","pop_rock","high"
"It's Still Rock n' Roll To Me","Billy Joel","Pop/Rock/EDM","neutral","pop_rock","high"
"Jenny/8675309","Tommy TuTone","Pop/Rock/EDM","neutral","pop_rock","high"
"Johnny B. Goode","Berry","Pop/Rock/EDM","neutral","pop_rock","high"
"Just Breathe","Pearl Jam","Pop/Rock/EDM","neutral","pop_rock","high"
"Just Can't Get Enough","Depeche Mode","Pop/Rock/EDM","neutral","pop_rock","high"
"Just The Two Of Us","Bill Withers","Pop/Rock/EDM","neutral","pop_rock","high"
"Just The Way You Are","Billy Joel","Pop/Rock/EDM","neutral","pop_rock","high"
"Just The Way You Are","Bruno Mars","Pop/Rock/EDM","neutral","pop_rock","high"
"Killing Me Softly With His Song","Roberta Flack","Pop/Rock/EDM","neutral","pop_rock","high"
"Kockin' On Heaven's Door","Bob Dylan","Pop/Rock/EDM","neutral","pop_rock","high"
"Kyrie","Mr. Mister","Pop/Rock/EDM","neutral","pop_rock","high"
"La Bamba","Los Lobos","Pop/Rock/EDM","neutral","pop_rock","high"
"La Isla Bonita","Madonna","Pop/Rock/EDM","neutral","pop_rock","high"
"Land of Confusion","Genesis","Pop/Rock/EDM","neutral","pop_rock","high"
"Last Train to London","Electric Light Orchestra","Pop/Rock/EDM","neutral","pop_rock","high"
"Layla","Eric Clapton","Pop/Rock/EDM","neutral","pop_rock","high"
"Lean On Me","Bill Withers","Pop/Rock/EDM","devotion","pop_rock","high"
"Let Her Go","Passenger","Pop/Rock/EDM","neutral","pop_rock","high"
"Let It Be","The Beatles","Pop/Rock/EDM","neutral","pop_rock","high"
"Let Me Entertain You","Robbie Williams","Pop/Rock/EDM","neutral","pop_rock","high"
"Let Me Love You (Until You Learn To Love Yourself)","Ne Yo (Glee)","Pop/Rock/EDM","intimacy","pop_rock","high"
"Let's Dance","David Bowie","Pop/Rock/EDM","joy","pop_rock","high"
"Let's Stay Together","Al Green","Pop/Rock/EDM","intimacy","pop_rock","high"
"Life on Mars","David Bowie","Pop/Rock/EDM","neutral","pop_rock","high"
"Listen To The Music","The Doobie Brothers","Pop/Rock/EDM","neutral","pop_rock","high"
"Lithium","Nirvana","Pop/Rock/EDM","neutral","pop_rock","high"
"Live Like Horses","Elton John","Pop/Rock/EDM","neutral","pop_rock","high"
"Livin La Vida Loca","Ricky Martin","Pop/Rock/EDM","neutral","pop_rock","high"
"Living","Bakermat","Pop/Rock/EDM","neutral","pop_rock","high"
"Locked Out of Heaven","Bruno Mars","Pop/Rock/EDM","neutral","pop_rock","high"
"Love Her Madly","The Doors","Pop/Rock/EDM","intimacy","pop_rock","high"
"Love Me Like You Do","Boyce Avenue","Pop/Rock/EDM","intimacy","pop_rock","high"
"Love Will Keep Us Together","Captain and Tennille","Pop/Rock/EDM","intimacy","pop_rock","high"
"Lovely","Billie Eilish","Pop/Rock/EDM","intimacy","pop_rock","high"
"Lucky","Jason Mraz","Pop/Rock/EDM","neutral","pop_rock","high"
"Lullabye (Goodnight, My Angel)","Billy Joel","Pop/Rock/EDM","neutral","pop_rock","high"
"Mad World","Jules Gary","Pop/Rock/EDM","neutral","pop_rock","low"
"Mad World","Tears for Fears","Pop/Rock/EDM","neutral","pop_rock","low"
"Marvin Gaye","Charlie Puth","Pop/Rock/EDM","neutral","pop_rock","high"
"Message In A Bottle","The Police","Pop/Rock/EDM","neutral","pop_rock","high"
"Money For Nothing","Dire Straits","Pop/Rock/EDM","neutral","pop_rock","high"
"More Than Words","Extreme","Pop/Rock/EDM","neutral","pop_rock","high"
"Moves Like Jagger","Maroon 5","Pop/Rock/EDM","neutral","pop_rock","high"
"Mrs. Robinson","Simon & Garfunkel","Pop/Rock/EDM","neutral","pop_rock","high"
"My Life","Billy Joel","Pop/Rock/EDM","neutral","pop_rock","high"
"Never Gonna Give You Up","Rick Astley","Pop/Rock/EDM","breakup","pop_rock","high"
"Never Stop","Safetysuit","Pop/Rock/EDM","breakup","pop_rock","high"
"New York State of Mind","Billy Joel","Pop/Rock/EDM","nostalgia","pop_rock","high"
"Night Changes","One Direction","Pop/Rock/EDM","neutral","pop_rock","high"
"Nights In White Satin","The Moody Blues","Pop/Rock/EDM","neutral","pop_rock","high"
"No Matter What","Callum Scott","Pop/Rock/EDM","neutral","pop_rock","high"
"No More Cloudy Days","The Eagles","Pop/Rock/EDM","neutral","pop_rock","high"
"No One Is To Blame","Howard Jones","Pop/Rock/EDM","neutral","pop_rock","high"
"Nothing Else Matters","Metallica","Pop/Rock/EDM","neutral","pop_rock","high"
"Nothings Gonna Change My Love For You","George Benson","Pop/Rock/EDM","intimacy","pop_rock","high"
"Numb","Linkin Park","Pop/Rock/EDM","neutral","pop_rock","high"
"Oh My God","Alec Benjamin","Pop/Rock/EDM","neutral","pop_rock","high"
"Old Time Rock & Roll","Derek Ryan","Pop/Rock/EDM","neutral","pop_rock","high"
"One","U2","Pop/Rock/EDM","neutral","pop_rock","high"
"One More Night","Phil Collins","Pop/Rock/EDM","neutral","pop_rock","high"
"Only You","The Platters","Pop/Rock/EDM","neutral","pop_rock","high"
"Ordinary World","Duran Duran","Pop/Rock/EDM","neutral","pop_rock","high"
"Oscar Mayer Wiener","Richard Trentlage","Pop/Rock/EDM","neutral","pop_rock","high"
"Perfect","Ed Sheeran","Pop/Rock/EDM","neutral","pop_rock","high"
"Perfect","Simple Plan","Pop/Rock/EDM","neutral","pop_rock","high"
"Perhaps Love","John Denver","Pop/Rock/EDM","intimacy","pop_rock","high"
"Piano Man","Billy Joel","Pop/Rock/EDM","neutral","pop_rock","high"
"Pink Pony Club","Chappell Roan","Pop/Rock/EDM","neutral","pop_rock","high"
"Pompei","Bastille","Pop/Rock/EDM","neutral","pop_rock","high"
"Radioactive","Imagine Dragons","Pop/Rock/EDM","neutral","pop_rock","high"
"Reality","Richard Sanderson / Vladimar Cosma","Pop/Rock/EDM","neutral","pop_rock","high"
"Red Lights","Tiesto","Pop/Rock/EDM","neutral","pop_rock","high"
"Red Red Wine","UB40","Pop/Rock/EDM","neutral","pop_rock","high"
"Right Here Waiting","Richard Marx","Pop/Rock/EDM","neutral","pop_rock","high"
"River Of Dreams","Billy Joel","Pop/Rock/EDM","neutral","pop_rock","high"
"Rocket Man","Elton John","Pop/Rock/EDM","neutral","pop_rock","high"
"Sacrifice","Elton John","Pop/Rock/EDM","neutral","pop_rock","high"
"Sailing","Christopher Cross","Pop/Rock/EDM","neutral","pop_rock","high"
"Say Something","Boyce Avenue","Pop/Rock/EDM","neutral","pop_rock","low"
"Seasons","Olly Murs","Pop/Rock/EDM","neutral","pop_rock","high"
"Secret Garden","Bruce Springsteen","Pop/Rock/EDM","neutral","pop_rock","high"
"See You Again","Charlie Puth","Pop/Rock/EDM","neutral","pop_rock","high"
"Separate Lives","Phill Collins","Pop/Rock/EDM","neutral","pop_rock","high"
"Shape Of My Heart","Sting","Pop/Rock/EDM","intimacy","pop_rock","high"
"Shattered Dreams","Johnny Hates Jazz","Pop/Rock/EDM","neutral","pop_rock","high"
"She Will Be Loved","Maroon 5","Pop/Rock/EDM","intimacy","pop_rock","high"
"She's Always A Woman","Billy Joel","Pop/Rock/EDM","devotion","pop_rock","high"
"She's Got A Way","Billy Joel","Pop/Rock/EDM","neutral","pop_rock","high"
"She's Like The Wind","Patrick Swayze","Pop/Rock/EDM","neutral","pop_rock","high"
"Shoot the Moon","Norah Jones","Pop/Rock/EDM","intimacy","pop_rock","high"
"Should I Stay or Should I Go","The Clash","Pop/Rock/EDM","neutral","pop_rock","high"
"Shout","Tears for Fears","Pop/Rock/EDM","neutral","pop_rock","high"
"Sign of The Times","Harry Styles","Pop/Rock/EDM","neutral","pop_rock","high"
"Sing For Absolution","Muse","Pop/Rock/EDM","neutral","pop_rock","high"
"Sittin' On The Dock Of The Bay","Otis Redding","Pop/Rock/EDM","neutral","pop_rock","high"
"Smalltown Boy","Bronski Beat","Pop/Rock/EDM","neutral","pop_rock","high"
"Smooth","Rob Thomas/Santana","Pop/Rock/EDM","neutral","pop_rock","high"
"So Amazing","Luther Vandross","Pop/Rock/EDM","neutral","pop_rock","high"
"Someone You Loved","Lewis Capaldi","Pop/Rock/EDM","intimacy","pop_rock","low"
"Something About The Way You Look Tonight","Elton John","Pop/Rock/EDM","intimacy","pop_rock","high"
"Something About You","Level 42","Pop/Rock/EDM","neutral","pop_rock","high"
"Something in the Way","Nirvana","Pop/Rock/EDM","neutral","pop_rock","high"
"Something Just Like This","ColdPlay","Pop/Rock/EDM","neutral","pop_rock","high"
"Somewhere Only We Know","Keane","Pop/Rock/EDM","neutral","pop_rock","high"
"Sorry Seems to Be The Hardest Word","Elton John","Pop/Rock/EDM","breakup","pop_rock","high"
"Stand By Me","Ben E. King","Pop/Rock/EDM","devotion","pop_rock","high"
"Starlight","Muse","Pop/Rock/EDM","neutral","pop_rock","high"
"Stay With Me","Sam Smith","Pop/Rock/EDM","neutral","pop_rock","high"
"Still Loving You","Scorpion","Pop/Rock/EDM","neutral","pop_rock","high"
"Stolen Dance","Milky Chance","Pop/Rock/EDM","joy","pop_rock","high"
"Stuck With You","Huey Lewis & The News","Pop/Rock/EDM","intimacy","pop_rock","high"
"Summertime","Gershwin","Pop/Rock/EDM","neutral","pop_rock","high"
"Swallowed","Bush","Pop/Rock/EDM","neutral","pop_rock","high"
"Sweet Dreams (Are Made of This)","Eurythmics","Pop/Rock/EDM","joy","pop_rock","high"
"Take It Easy","The Eagles","Pop/Rock/EDM","neutral","pop_rock","high"
"Take Me Home","Phil Collins","Pop/Rock/EDM","neutral","pop_rock","high"
"Talking to the Moon","Bruno Mars","Pop/Rock/EDM","intimacy","pop_rock","high"
"Tears in Heaven","Eric Clapton","Pop/Rock/EDM","breakup","pop_rock","low"
"Tell Closer I Get to You","Donny Hathaway","Pop/Rock/EDM","neutral","pop_rock","high"
"Tell Her About It","Billy Joel","Pop/Rock/EDM","neutral","pop_rock","high"
"Thank You For The Music","ABBA","Pop/Rock/EDM","neutral","pop_rock","high"
"That's What Friends Are For","Burt Bacharach","Pop/Rock/EDM","neutral","pop_rock","high"
"The Best","Tina Turner","Pop/Rock/EDM","joy","pop_rock","high"
"The Fool on The Hill","The Beatles","Pop/Rock/EDM","neutral","pop_rock","high"
"The Great Pretender","Freddie Mercury","Pop/Rock/EDM","neutral","pop_rock","high"
"The Hanging Tree","James Newton Howard","Pop/Rock/EDM","neutral","pop_rock","high"
"The House of the Rising Sun","The Animals","Pop/Rock/EDM","neutral","pop_rock","high"
"The Living Years","Mike & The Mechanics","Pop/Rock/EDM","neutral","pop_rock","high"
"The Longest Time","Billy Joel","Pop/Rock/EDM","neutral","pop_rock","high"
"The Nights","Avicii","Pop/Rock/EDM","neutral","pop_rock","high"
"The One","Elton John","Pop/Rock/EDM","neutral","pop_rock","high"
"The Reason","Hoobastank","Pop/Rock/EDM","neutral","pop_rock","high"
"The Scientist","Coldplay","Pop/Rock/EDM","neutral","pop_rock","high"
"The Sound of Silence","Simon & Garfunkel","Pop/Rock/EDM","neutral","pop_rock","high"
"The Way It Is","Bruce Hornsby","Pop/Rock/EDM","neutral","pop_rock","high"
"Thinking Out Loud","Ed Sheeran","Pop/Rock/EDM","intimacy","pop_rock","high"
"This is What it Feels Like","Armin van Buuren","Pop/Rock/EDM","neutral","pop_rock","high"
"This Love","Maroon5","Pop/Rock/EDM","intimacy","pop_rock","high"
"This Train Don't Stop There Anymore","Elton John","Pop/Rock/EDM","breakup","pop_rock","high"
"Through The Barricades","Spandau Ballet (Ne Yo)","Pop/Rock/EDM","neutral","pop_rock","high"
"Time After Time","Eva Cassidy","Pop/Rock/EDM","neutral","pop_rock","high"
"Time In A Bottle","Jim Croce","Pop/Rock/EDM","neutral","pop_rock","high"
"Tiny Dancer","Elton John","Pop/Rock/EDM","joy","pop_rock","high"
"Titanium","Boyce Avenue","Pop/Rock/EDM","neutral","pop_rock","high"
"Together Forever","Rick Astley","Pop/Rock/EDM","devotion|intimacy","pop_rock","high"
"Total Eclipse of the Heart","Bonnie Tyler","Pop/Rock/EDM","intimacy","pop_rock","high"
"Treasure","Bruno Mars","Pop/Rock/EDM","neutral","pop_rock","high"
"Unchain My Heart","Joe Cocker","Pop/Rock/EDM","intimacy","pop_rock","high"
"Under the Bridge","Red Hot Chili Peppers","Pop/Rock/EDM","neutral","pop_rock","high"
"Under the Tree","Ed Sheeran","Pop/Rock/EDM","neutral","pop_rock","high"
"Until I Found You","Stephen Sanchez","Pop/Rock/EDM","neutral","pop_rock","high"
"Uptown Girl","Billy Joel","Pop/Rock/EDM","joy","pop_rock","high"
"Urgent","Foreigner","Pop/Rock/EDM","neutral","pop_rock","high"
"Valerie","Amy Whinehouse","Pop/Rock/EDM","neutral","pop_rock","high"
"Versace On The Floor","Bruno Mars","Pop/Rock/EDM","neutral","pop_rock","high"
"Vienna","Billy Joel","Pop/Rock/EDM","neutral","pop_rock","high"
"Vincent","Don McLean","Pop/Rock/EDM","neutral","pop_rock","low"
"Viva La Vida","ColdPlay","Pop/Rock/EDM","neutral","pop_rock","high"
"Wait For You","Elliot Yamin","Pop/Rock/EDM","neutral","pop_rock","high"
"Waiting For Love","Avici","Pop/Rock/EDM","intimacy","pop_rock","high"
"Wake Me Up!","Avicii","Pop/Rock/EDM","neutral","pop_rock","high"
"Walk on By","Dionne Warwick","Pop/Rock/EDM","neutral","pop_rock","high"
"Walking On The Moon","The Police","Pop/Rock/EDM","intimacy","pop_rock","high"
"Wanted Dead or Alive","Bon Jovi","Pop/Rock/EDM","neutral","pop_rock","high"
"We Don't Need Another Hero","Tina Turner","Pop/Rock/EDM","breakup","pop_rock","high"
"We Found Love","Boyce Avenue","Pop/Rock/EDM","intimacy","pop_rock","high"
"We Found Love","Postmodern Jukebox","Pop/Rock/EDM","intimacy","pop_rock","high"
"We'll Be Coming Back","Calvin Harris","Pop/Rock/EDM","neutral","pop_rock","high"
"We've Got Tonight","Kenny Rogers/Sheena Easton","Pop/Rock/EDM","neutral","pop_rock","high"
"We've Got Tonight","Ronan Keating/Lulu","Pop/Rock/EDM","neutral","pop_rock","high"
"Welcome To My Life","Simple Plan","Pop/Rock/EDM","neutral","pop_rock","high"
"What About Us","John Barrowman","Pop/Rock/EDM","neutral","pop_rock","high"
"What Was I Made For","Billie Elish","Pop/Rock/EDM","neutral","pop_rock","high"
"What's Love Got to Do With It","Tina Tuner","Pop/Rock/EDM","intimacy","pop_rock","high"
"What's Up","4 Non Blondes","Pop/Rock/EDM","neutral","pop_rock","high"
"When I Was Your Man","Bruno Mars","Pop/Rock/EDM","intimacy","pop_rock","high"
"Wicked Game","Chris Isaak","Pop/Rock/EDM","neutral","pop_rock","high"
"Wild World","Cat Stevens","Pop/Rock/EDM","neutral","pop_rock","high"
"Wind of Change","Scorpions","Pop/Rock/EDM","neutral","pop_rock","high"
"With A Little Help From My Friends","The Beatles","Pop/Rock/EDM","neutral","pop_rock","high"
"With Or Without You","U2","Pop/Rock/EDM","breakup","pop_rock","high"
"Wonder Woman","TV Theme","Pop/Rock/EDM","neutral","pop_rock","high"
"Wonderful Life","Black","Pop/Rock/EDM","neutral","pop_rock","high"
"Wonderful Tonight","Eric Clapton","Pop/Rock/EDM","intimacy","pop_rock","high"
"Wonderwall","Oasis","Pop/Rock/EDM","neutral","pop_rock","low"
"Writing's On The Wall","Sam Smith","Pop/Rock/EDM","neutral","pop_rock","high"
"Written In The Stars","Elton John","Pop/Rock/EDM","neutral","pop_rock","high"
"Yellow","Coldplay","Pop/Rock/EDM","neutral","pop_rock","high"
"You May Be Right","Billy Joel","Pop/Rock/EDM","neutral","pop_rock","high"
"You're Beautiful","James Blunt","Pop/Rock/EDM","neutral","pop_rock","high"
"You're Still the One","Shania Twain","Pop/Rock/EDM","neutral","pop_rock","high"
"You've Got A Friend","James Taylor","Pop/Rock/EDM","neutral","pop_rock","high"
"Your Smiling Face","James Taylor","Pop/Rock/EDM","neutral","pop_rock","high"
"Your Song","Elton John","Pop/Rock/EDM","intimacy","pop_rock","high"
"Zombie","The Cranberries","Pop/Rock/EDM","neutral","pop_rock","high"
"Circle of Life","Elton John","Disney","nostalgia","disney","medium"
"Evermore","Beauty And The Beast","Disney","nostalgia","disney","medium"
"Gaston","Beauty and the Beast","Disney","nostalgia","disney","medium"
"Go The Distance","Michael Bolton (Hercules)","Disney","nostalgia","disney","medium"
"I Just Can't Wait to be King","Elton John","Disney","nostalgia","disney","medium"
"I'll Make A Man Out Of You","Mulan","Disney","nostalgia","disney","medium"
"If I Can't Love Her","Beauty and the Beast","Disney","intimacy|nostalgia","disney","medium"
"If I Never Knew You","Pocahontas","Disney","breakup|nostalgia","disney","medium"
"In Summer","Frozen","Disney","nostalgia","disney","medium"
"Let It Go","Frozen","Disney","nostalgia","disney","medium"
"Lost In The Woods","Frozen 2","Disney","breakup|nostalgia","disney","medium"
"Love is An Open Door","Frozen","Disney","intimacy|nostalgia","disney","medium"
"Never Had A Friend Like Me","Aladdin","Disney","breakup|nostalgia","disney","medium"
"One Jump Ahead","Aladdin","Disney","nostalgia","disney","medium"
"Prince Ali","Aladdin","Disney","nostalgia","disney","medium"
"Remember Me","Coco","Disney","nostalgia","disney","medium"
"Under The Sea","The Little Mermaid","Disney","nostalgia","disney","medium"
"Why Should I Worry","Oliver & Company/Billy Joel","Disney","nostalgia","disney","medium"
"You'll Be In My Heart","Phil Collins (Tarzan)","Disney","intimacy|nostalgia","disney","medium"
"A Holly Jolly Christmas","Michael Buble","Christmas","festive","holiday","medium"
"A New York Christmas","Rob Thomas","Christmas","festive|nostalgia","holiday","medium"
"Adeste Fideles","Andrea Bocelli","Christmas","festive","holiday","medium"
"Ave Maria","Luciano Pavarotti","Christmas","festive","holiday","medium"
"Believe","(The Polar Express) Josh Groban","Christmas","devotion|festive","holiday","medium"
"Cold December Night","Michael Buble","Christmas","festive","holiday","medium"
"Grandma Got Run Over By A Reindeer","Elmo & Patsy","Christmas","festive","holiday","medium"
"Grown Up Christmas List","Michael Buble","Christmas","festive","holiday","medium"
"Happy Xmas (War is Over)","John Lennon","Christmas","festive|joy","holiday","medium"
"It Must've Been Ol Santa Claus","Harry Connick Jr","Christmas","festive","holiday","medium"
"It's Beginning To Look A Lot Like Christmas","Michael Buble","Christmas","festive","holiday","medium"
"Jingle Bells","Jazz Standards","Christmas","festive","holiday","medium"
"Let It Snow, Let It Snow, Let It Snow","Michael Buble","Christmas","festive","holiday","medium"
"Mary Did You Know","Christmas","Christmas","festive","holiday","medium"
"Merry Christmas","Elton John/Ed Sheeran","Christmas","festive","holiday","medium"
"My Favorite Things","Sound of Music","Christmas","festive","holiday","medium"
"O Holy Night","Sandy Patti","Christmas","festive","holiday","medium"
"Police Nabbed My Dad","Parody","Christmas","festive","holiday","medium"
"Redneck 12 days of Christmas","Jeff Foxworthy","Christmas","festive","holiday","medium"
"Santa Claus Is Coming To Town","Michael Buble","Christmas","festive","holiday","medium"
"Second Life 12 Days of Xmas","Me","Christmas","festive","holiday","medium"
"Silver Bells","Andy Williams","Christmas","festive","holiday","medium"
"Sleigh Ride","Johnny Mathis","Christmas","festive","holiday","medium"
"The Christmas Song (Chestnuts Roasting)","Michael Buble","Christmas","festive","holiday","medium"
"The Man With The Bag","Jan Monheit","Christmas","festive","holiday","medium"
"White Christmas","Michael Buble","Christmas","festive","holiday","medium"
"You're a Mean One Mr Grinch","Traditional","Christmas","festive","holiday","medium"
"GATEWAY TEST SONG","MAESTRO TEST","New","test;gateway","workflow;demo","Medium"
"The Look of Love","Dusty Springfield","Classical/Broadway/Ballads/Oldies","intimacy|nostalgia","standards","low"
"Slow It Down","Benson Boone","New Songs","breakup|intimacy","contemporary","low"
"Chiquitita","ABBA","Pop/Rock/EDM","devotion|nostalgia","pop_rock","medium"
"Hold On, I'm Comin'","Sam & Dave","Pop/Rock/EDM","joy|empowerment","soul|pop_rock","high"
"Flowers","Miley Cyrus","New Songs","empowerment|joy","contemporary|pop_rock","medium"
"If I Ain't Got You","Alicia Keys","Pop/Rock/EDM","intimacy|devotion","soul|contemporary","low"
"You Say","Lauren Daigle","New Songs","devotion|empowerment","contemporary","low"
"Feel So Close","Calvin Harris","Pop/Rock/EDM","joy|devotion","edm|pop_rock","high"
"Beggin'","Måneskin","Pop/Rock/EDM","empowerment|joy","rock|pop_rock","high"
"Risk It All","Bruno Mars","New Songs","devotion|intimacy","contemporary","low"
